GROUP,PACKAGE,CLASS,INSTRUCTION_MISSED,INSTRUCTION_COVERED,BRANCH_MISSED,BRANCH_COVERED,LINE_MISSED,LINE_COVERED,COMPLEXITY_MISSED,COMPLEXITY_COVERED,METHOD_MISSED,METHOD_COVERED
quiz,com.selection.quiz.config,SecurityConfiguration.new PasswordEncoder() {...},57,6,8,0,12,1,6,1,2,1
quiz,com.selection.quiz.config,JDBCConfig,6,3,0,0,1,1,1,1,1,1
quiz,com.selection.quiz.config,WebSecurityCorsFilter,29,3,0,0,10,1,3,1,3,1
quiz,com.selection.quiz.config,SecurityConfiguration,0,46,0,0,0,12,0,4,0,4
quiz,com.selection.quiz.exception,RecordNotFoundException,4,0,0,0,2,0,1,0,1,0
quiz,com.selection.quiz.exception,CustomExceptionHandler,76,3,2,0,14,1,4,1,3,1
quiz,com.selection.quiz.exception,ErrorResponse,9,0,0,0,4,0,1,0,1,0
quiz,com.selection.quiz.service,QuizService,16,388,0,6,4,95,2,14,2,11
quiz,com.selection.quiz.entity,Answer,184,28,38,0,1,5,24,8,5,8
quiz,com.selection.quiz.entity,Question,109,17,22,0,0,4,15,5,4,5
quiz,com.selection.quiz.entity,User,184,28,38,0,1,5,24,8,5,8
quiz,com.selection.quiz.entity,UserAnswer,220,35,46,0,1,6,28,10,5,10
quiz,com.selection.quiz.bean,QuestionAnswerResponse.QuestionAnswerResponseBuilder,42,45,0,0,0,1,1,8,1,8
quiz,com.selection.quiz.bean,LoginResponse.LoginResponseBuilder,22,21,0,0,0,1,1,4,1,4
quiz,com.selection.quiz.bean,LoginRequest,145,24,30,0,0,5,19,7,4,7
quiz,com.selection.quiz.bean,QuestionAnswerRequest,181,31,38,0,0,6,23,9,4,9
quiz,com.selection.quiz.bean,LoginResponse.LoginResponseBuilderImpl,0,7,0,0,0,1,0,2,0,2
quiz,com.selection.quiz.bean,QuestionAnswerResponse.QuestionAnswerResponseBuilderImpl,0,7,0,0,0,1,0,2,0,2
quiz,com.selection.quiz.bean,QuestionAnswerResponse,338,39,62,0,8,2,49,3,18,3
quiz,com.selection.quiz.bean,LoginResponse,156,33,30,0,1,5,22,6,7,6
quiz,com.selection.quiz.swagger,QuizSwaggerConfig,0,61,0,0,0,13,0,4,0,4
quiz,com.selection.quiz,QuizApplication,5,3,0,0,2,1,1,1,1,1
quiz,com.selection.quiz.controller,QuizController,0,28,0,0,0,6,0,6,0,6
quiz,com.selection.quiz.logging,MethodLoggableAspect,0,51,0,0,0,12,0,4,0,4
